username,full_name,department,course,assigned_on,due_on,completed_on,status,phishing_test_2026_07
lharper,Linda Harper,Leadership,"Security Awareness 2026: Phishing, Passwords and MFA",2026-05-04,2026-06-30,2026-05-08,Completed,Reported
gpike,Gordon Pike,Leadership,"Security Awareness 2026: Phishing, Passwords and MFA",2026-05-04,2026-06-30,2026-05-11,Completed,Reported
hortiz,Helen Ortiz,Finance,"Security Awareness 2026: Phishing, Passwords and MFA",2026-05-04,2026-06-30,2026-05-14,Completed,Reported
mrivera,Maria Rivera,Finance,"Security Awareness 2026: Phishing, Passwords and MFA",2026-05-04,2026-06-30,2026-05-06,Completed,Reported
sboateng,Samuel Boateng,Finance,"Security Awareness 2026: Phishing, Passwords and MFA",2026-05-04,2026-06-30,2026-05-22,Completed,Reported
glindqvist,Grace Lindqvist,Finance,"Security Awareness 2026: Phishing, Passwords and MFA",2026-05-04,2026-06-30,2026-05-28,Completed,No action
ohaddad,Omar Haddad,Finance,"Security Awareness 2026: Phishing, Passwords and MFA",2026-05-04,2026-06-30,2026-06-03,Completed,No action
abrown,Alicia Brown,Human Resources,"Security Awareness 2026: Phishing, Passwords and MFA",2026-05-04,2026-06-30,2026-06-10,Completed,Reported
npetrova,Nadia Petrova,Human Resources,"Security Awareness 2026: Phishing, Passwords and MFA",2026-05-04,2026-06-30,2026-06-17,Completed,No action
jchen,James Chen,IT,"Security Awareness 2026: Phishing, Passwords and MFA",2026-05-04,2026-06-30,2026-05-05,Completed,Reported
dpatel,Dev Patel,Sales,"Security Awareness 2026: Phishing, Passwords and MFA",2026-05-04,2026-06-30,2026-06-29,Completed,Reported
kmurphy,Kevin Murphy,Sales,"Security Awareness 2026: Phishing, Passwords and MFA",2026-05-04,2026-06-30,2026-05-08,Completed,Reported
rdelgado,Rosa Delgado,Sales,"Security Awareness 2026: Phishing, Passwords and MFA",2026-05-04,2026-06-30,2026-05-11,Completed,No action
bfoster,Brian Foster,Sales,"Security Awareness 2026: Phishing, Passwords and MFA",2026-05-04,2026-06-30,2026-05-14,Completed,Reported
amohammed,Aisha Mohammed,Sales,"Security Awareness 2026: Phishing, Passwords and MFA",2026-05-04,2026-06-30,2026-05-19,Completed,Reported
lherrera,Luis Herrera,Sales,"Security Awareness 2026: Phishing, Passwords and MFA",2026-05-04,2026-06-30,2026-05-22,Completed,No action
etran,Emily Tran,Sales,"Security Awareness 2026: Phishing, Passwords and MFA",2026-05-04,2026-06-30,2026-05-28,Completed,No action
mwebb,Marcus Webb,Sales,"Security Awareness 2026: Phishing, Passwords and MFA",2026-05-04,2026-06-30,2026-06-03,Completed,Clicked link (follow-up lesson done 2026-07-20)
fyusuf,Fatima Yusuf,Sales,"Security Awareness 2026: Phishing, Passwords and MFA",2026-05-04,2026-06-30,2026-06-10,Completed,No action
tkowalski,Tom Kowalski,Sales,"Security Awareness 2026: Phishing, Passwords and MFA",2026-05-04,2026-06-30,2026-06-17,Completed,No action
jprice,Janet Price,Customer Service,"Security Awareness 2026: Phishing, Passwords and MFA",2026-05-04,2026-06-30,2026-06-24,Completed,No action
hnguyen,Hoang Nguyen,Customer Service,"Security Awareness 2026: Phishing, Passwords and MFA",2026-05-04,2026-06-30,2026-06-29,Completed,Reported
ogrant,Olivia Grant,Customer Service,"Security Awareness 2026: Phishing, Passwords and MFA",2026-05-04,2026-06-30,2026-05-08,Completed,No action
dcastillo,Diego Castillo,Customer Service,"Security Awareness 2026: Phishing, Passwords and MFA",2026-05-04,2026-06-30,2026-05-11,Completed,No action
mlin,Mei Lin,Customer Service,"Security Awareness 2026: Phishing, Passwords and MFA",2026-05-04,2026-06-30,2026-05-14,Completed,No action
padeyemi,Paul Adeyemi,Customer Service,"Security Awareness 2026: Phishing, Passwords and MFA",2026-05-04,2026-06-30,2026-05-19,Completed,Reported
sklein,Sarah Klein,Purchasing,"Security Awareness 2026: Phishing, Passwords and MFA",2026-05-04,2026-06-30,2026-05-22,Completed,No action
arahimi,Ahmed Rahimi,Purchasing,"Security Awareness 2026: Phishing, Passwords and MFA",2026-05-04,2026-06-30,2026-05-28,Completed,Reported
lpham,Linh Pham,Purchasing,"Security Awareness 2026: Phishing, Passwords and MFA",2026-05-04,2026-06-30,2026-06-03,Completed,Reported
vstone,Victor Stone,Purchasing,"Security Awareness 2026: Phishing, Passwords and MFA",2026-05-04,2026-06-30,2026-06-10,Completed,No action
tokafor,Tunde Okafor,Warehouse,"Security Awareness 2026: Phishing, Passwords and MFA",2026-05-04,2026-06-30,2026-06-17,Completed,No action
cmendez,Carlos Mendez,Warehouse,"Security Awareness 2026: Phishing, Passwords and MFA",2026-05-04,2026-06-30,2026-06-24,Completed,Reported
jhill,Jerome Hill,Warehouse,"Security Awareness 2026: Phishing, Passwords and MFA",2026-05-04,2026-06-30,2026-06-29,Completed,Reported
asilva,Ana Silva,Warehouse,"Security Awareness 2026: Phishing, Passwords and MFA",2026-05-04,2026-06-30,2026-05-08,Completed,Reported
mfarah,Mohamed Farah,Warehouse,"Security Awareness 2026: Phishing, Passwords and MFA",2026-05-04,2026-06-30,2026-05-11,Completed,No action
kwright,Keisha Wright,Warehouse,"Security Awareness 2026: Phishing, Passwords and MFA",2026-05-04,2026-06-30,2026-05-14,Completed,No action
pnovak,Pavel Novak,Warehouse,"Security Awareness 2026: Phishing, Passwords and MFA",2026-05-04,2026-06-30,2026-05-19,Completed,Reported
jramirez,Juan Ramirez,Warehouse,"Security Awareness 2026: Phishing, Passwords and MFA",2026-05-04,2026-06-30,2026-05-22,Completed,No action
beze,Blessing Eze,Warehouse,"Security Awareness 2026: Phishing, Passwords and MFA",2026-05-04,2026-06-30,2026-05-28,Completed,Reported
rdunn,Ricky Dunn,Warehouse,"Security Awareness 2026: Phishing, Passwords and MFA",2026-05-04,2026-06-30,2026-06-03,Completed,Clicked link (follow-up lesson done 2026-07-20)
smorales,Sofia Morales,Warehouse,"Security Awareness 2026: Phishing, Passwords and MFA",2026-05-04,2026-06-30,2026-06-10,Completed,Reported
ipetrov,Ivan Petrov,Warehouse,"Security Awareness 2026: Phishing, Passwords and MFA",2026-05-04,2026-06-30,2026-06-17,Completed,No action
tbanks,Tyrone Banks,Warehouse,"Security Awareness 2026: Phishing, Passwords and MFA",2026-05-04,2026-06-30,2026-06-24,Completed,No action
hali,Hassan Ali,Warehouse,"Security Awareness 2026: Phishing, Passwords and MFA",2026-05-04,2026-06-30,2026-06-29,Completed,Reported
mlopez,Maria Lopez,Warehouse,"Security Awareness 2026: Phishing, Passwords and MFA",2026-05-04,2026-06-30,2026-05-08,Completed,Reported
dolsen,Derek Olsen,Warehouse,"Security Awareness 2026: Phishing, Passwords and MFA",2026-05-04,2026-06-30,2026-05-11,Completed,No action
adiallo,Amina Diallo,Warehouse,"Security Awareness 2026: Phishing, Passwords and MFA",2026-05-04,2026-06-30,2026-05-14,Completed,No action
jgarcia,Jose Garcia,Warehouse,"Security Awareness 2026: Phishing, Passwords and MFA",2026-05-04,2026-06-30,2026-05-19,Completed,Clicked link (follow-up lesson done 2026-07-20)
cboyd,Chris Boyd,Warehouse,"Security Awareness 2026: Phishing, Passwords and MFA",2026-05-04,2026-06-30,2026-05-22,Completed,No action
nobi,Nkechi Obi,Warehouse,"Security Awareness 2026: Phishing, Passwords and MFA",2026-05-04,2026-06-30,2026-05-28,Completed,Reported
lortega,Luis Ortega,Warehouse,"Security Awareness 2026: Phishing, Passwords and MFA",2026-05-04,2026-06-30,2026-06-03,Completed,No action
dvolkov,Dmitri Volkov,Warehouse,"Security Awareness 2026: Phishing, Passwords and MFA",2026-05-04,2026-06-30,2026-06-10,Completed,Reported
hkim,Hana Kim,Warehouse,"Security Awareness 2026: Phishing, Passwords and MFA",2026-05-04,2026-06-30,2026-06-17,Completed,No action
ajackson,Andre Jackson,Warehouse,"Security Awareness 2026: Phishing, Passwords and MFA",2026-05-04,2026-06-30,2026-06-24,Completed,No action
yhassan,Yusuf Hassan,Warehouse,"Security Awareness 2026: Phishing, Passwords and MFA",2026-05-04,2026-06-30,2026-06-29,Completed,Clicked link (follow-up lesson done 2026-07-20)
gmwangi,Grace Mwangi,Warehouse,"Security Awareness 2026: Phishing, Passwords and MFA",2026-05-04,2026-06-30,2026-05-08,Completed,No action
kbrooks,Kyle Brooks,Warehouse,"Security Awareness 2026: Phishing, Passwords and MFA",2026-05-04,2026-06-30,,Not started - on leave (due 30 days after return),Not sent (on leave)
emensah,Esther Mensah,Warehouse,"Security Awareness 2026: Phishing, Passwords and MFA",2026-05-04,2026-06-30,,Not started - on leave (due 30 days after return),Not sent (on leave)
rcruz,Rafael Cruz,Warehouse,"Security Awareness 2026: Phishing, Passwords and MFA",2026-05-04,2026-06-30,2026-05-19,Completed,No action
awarsame,Abdi Warsame,Warehouse,"Security Awareness 2026: Phishing, Passwords and MFA",2026-05-04,2026-06-30,2026-05-22,Completed,Reported
tnguyen,Tina Nguyen,Warehouse,"Security Awareness 2026: Phishing, Passwords and MFA",2026-05-04,2026-06-30,2026-05-28,Completed,Reported
sreyes,Sam Reyes,Warehouse,"Security Awareness 2026: Phishing, Passwords and MFA",2026-09-01,2026-09-30,,In progress,Not sent (hired 2026-09-01)
