username,full_name,department,hire_date,handbook_version,acknowledgement_status,signed_on,record_type,notes
lharper,Linda Harper,Leadership,2011-05-02,2022 edition (NG-POL-001 v1.0),Signed,2022-03-21,"Paper form, scanned to HR folder",Re-signed when 2022 handbook was issued
gpike,Gordon Pike,Leadership,2013-09-16,2022 edition (NG-POL-001 v1.0),Signed,2022-03-24,"Paper form, scanned to HR folder",Re-signed when 2022 handbook was issued
hortiz,Helen Ortiz,Finance,2014-07-21,2022 edition (NG-POL-001 v1.0),Signed,2022-03-30,"Paper form, scanned to HR folder",Re-signed when 2022 handbook was issued
mrivera,Maria Rivera,Finance,2018-03-12,2022 edition (NG-POL-001 v1.0),Signed,2022-03-30,"Paper form, scanned to HR folder",Re-signed when 2022 handbook was issued
sboateng,Samuel Boateng,Finance,2024-02-08,2022 edition (NG-POL-001 v1.0),Signed,2024-02-08,"Paper form, scanned to HR folder",
glindqvist,Grace Lindqvist,Finance,2023-10-18,2022 edition (NG-POL-001 v1.0),Signed,2023-10-18,"Paper form, scanned to HR folder",
ohaddad,Omar Haddad,Finance,2021-10-18,2022 edition (NG-POL-001 v1.0),Signed,2022-04-06,"Paper form, scanned to HR folder",Re-signed when 2022 handbook was issued
abrown,Alicia Brown,Human Resources,2016-02-08,2022 edition (NG-POL-001 v1.0),Signed,2022-04-04,"Paper form, scanned to HR folder",Re-signed when 2022 handbook was issued
npetrova,Nadia Petrova,Human Resources,2021-08-23,2022 edition (NG-POL-001 v1.0),Signed,2022-04-06,"Paper form, scanned to HR folder",Re-signed when 2022 handbook was issued
jchen,James Chen,IT,2019-04-01,2022 edition (NG-POL-001 v1.0),Signed,2022-04-06,"Paper form, scanned to HR folder",Re-signed when 2022 handbook was issued
dpatel,Dev Patel,Sales,2015-06-01,2022 edition (NG-POL-001 v1.0),Signed,2022-03-28,"Paper form, scanned to HR folder",Re-signed when 2022 handbook was issued
kmurphy,Kevin Murphy,Sales,2025-10-15,2022 edition (NG-POL-001 v1.0),Signed,2025-10-15,"Paper form, scanned to HR folder",
rdelgado,Rosa Delgado,Sales,2018-01-20,2022 edition (NG-POL-001 v1.0),Signed,2022-03-21,"Paper form, scanned to HR folder",Re-signed when 2022 handbook was issued
bfoster,Brian Foster,Sales,2016-05-27,2022 edition (NG-POL-001 v1.0),Signed,2022-03-21,"Paper form, scanned to HR folder",Re-signed when 2022 handbook was issued
amohammed,Aisha Mohammed,Sales,2022-01-27,2022 edition (NG-POL-001 v1.0),Signed,2022-04-04,"Paper form, scanned to HR folder",Re-signed when 2022 handbook was issued
lherrera,Luis Herrera,Sales,2022-11-11,2022 edition (NG-POL-001 v1.0),Signed,2022-11-11,"Paper form, scanned to HR folder",
etran,Emily Tran,Sales,2018-07-09,2022 edition (NG-POL-001 v1.0),Signed,2022-03-24,"Paper form, scanned to HR folder",Re-signed when 2022 handbook was issued
mwebb,Marcus Webb,Sales,2020-07-24,2022 edition (NG-POL-001 v1.0),Signed,2022-03-30,"Paper form, scanned to HR folder",Re-signed when 2022 handbook was issued
fyusuf,Fatima Yusuf,Sales,2024-02-24,2022 edition (NG-POL-001 v1.0),Signed,2024-02-24,"Paper form, scanned to HR folder",
tkowalski,Tom Kowalski,Sales,2020-02-18,2022 edition (NG-POL-001 v1.0),Signed,2022-03-30,"Paper form, scanned to HR folder",Re-signed when 2022 handbook was issued
jprice,Janet Price,Customer Service,2019-05-15,2022 edition (NG-POL-001 v1.0),Signed,2022-03-22,"Paper form, scanned to HR folder",Re-signed when 2022 handbook was issued
hnguyen,Hoang Nguyen,Customer Service,2024-12-23,2022 edition (NG-POL-001 v1.0),Signed,2024-12-23,"Paper form, scanned to HR folder",
ogrant,Olivia Grant,Customer Service,2023-05-01,2022 edition (NG-POL-001 v1.0),Signed,2023-05-01,"Paper form, scanned to HR folder",
dcastillo,Diego Castillo,Customer Service,2025-11-12,2022 edition (NG-POL-001 v1.0),Signed,2025-11-12,"Paper form, scanned to HR folder",
mlin,Mei Lin,Customer Service,2020-08-14,2022 edition (NG-POL-001 v1.0),Signed,2022-03-21,"Paper form, scanned to HR folder",Re-signed when 2022 handbook was issued
padeyemi,Paul Adeyemi,Customer Service,2021-10-18,2022 edition (NG-POL-001 v1.0),Signed,2022-03-28,"Paper form, scanned to HR folder",Re-signed when 2022 handbook was issued
sklein,Sarah Klein,Purchasing,2025-02-14,2022 edition (NG-POL-001 v1.0),Signed,2025-02-14,"Paper form, scanned to HR folder",
arahimi,Ahmed Rahimi,Purchasing,2023-10-16,2022 edition (NG-POL-001 v1.0),Signed,2023-10-16,"Paper form, scanned to HR folder",
lpham,Linh Pham,Purchasing,2021-09-09,2022 edition (NG-POL-001 v1.0),Signed,2022-04-06,"Paper form, scanned to HR folder",Re-signed when 2022 handbook was issued
vstone,Victor Stone,Purchasing,2021-10-16,2022 edition (NG-POL-001 v1.0),Signed,2022-03-30,"Paper form, scanned to HR folder",Re-signed when 2022 handbook was issued
tokafor,Tunde Okafor,Warehouse,2012-10-15,2022 edition (NG-POL-001 v1.0),Signed,2022-03-30,"Paper form, scanned to HR folder",Re-signed when 2022 handbook was issued
cmendez,Carlos Mendez,Warehouse,2025-01-19,2022 edition (NG-POL-001 v1.0),Signed,2025-01-19,"Paper form, scanned to HR folder",
jhill,Jerome Hill,Warehouse,2018-03-27,2022 edition (NG-POL-001 v1.0),Signed,2022-03-21,"Paper form, scanned to HR folder",Re-signed when 2022 handbook was issued
asilva,Ana Silva,Warehouse,2024-09-22,2022 edition (NG-POL-001 v1.0),Signed,2024-09-22,"Paper form, scanned to HR folder",
mfarah,Mohamed Farah,Warehouse,2016-12-20,2022 edition (NG-POL-001 v1.0),Signed,2022-03-28,"Paper form, scanned to HR folder",Re-signed when 2022 handbook was issued
kwright,Keisha Wright,Warehouse,2022-03-16,2022 edition (NG-POL-001 v1.0),Signed,2022-03-16,"Paper form, scanned to HR folder",
pnovak,Pavel Novak,Warehouse,2018-02-21,2022 edition (NG-POL-001 v1.0),Signed,2022-04-04,"Paper form, scanned to HR folder",Re-signed when 2022 handbook was issued
jramirez,Juan Ramirez,Warehouse,2022-11-16,2022 edition (NG-POL-001 v1.0),Signed,2022-11-16,"Paper form, scanned to HR folder",
beze,Blessing Eze,Warehouse,2024-09-09,2022 edition (NG-POL-001 v1.0),Signed,2024-09-09,"Paper form, scanned to HR folder",
rdunn,Ricky Dunn,Warehouse,2023-07-22,2022 edition (NG-POL-001 v1.0),Signed,2023-07-22,"Paper form, scanned to HR folder",
smorales,Sofia Morales,Warehouse,2019-09-26,2022 edition (NG-POL-001 v1.0),Signed,2022-04-04,"Paper form, scanned to HR folder",Re-signed when 2022 handbook was issued
ipetrov,Ivan Petrov,Warehouse,2023-12-16,2022 edition (NG-POL-001 v1.0),Signed,2023-12-16,"Paper form, scanned to HR folder",
tbanks,Tyrone Banks,Warehouse,2025-07-14,2022 edition (NG-POL-001 v1.0),Signed,2025-07-14,"Paper form, scanned to HR folder",
hali,Hassan Ali,Warehouse,2018-05-27,2022 edition (NG-POL-001 v1.0),Signed,2022-03-24,"Paper form, scanned to HR folder",Re-signed when 2022 handbook was issued
mlopez,Maria Lopez,Warehouse,2014-01-05,2022 edition (NG-POL-001 v1.0),Signed,2022-04-04,"Paper form, scanned to HR folder",Re-signed when 2022 handbook was issued
dolsen,Derek Olsen,Warehouse,2023-08-26,2022 edition (NG-POL-001 v1.0),Signed,2023-08-26,"Paper form, scanned to HR folder",
adiallo,Amina Diallo,Warehouse,2023-08-12,2022 edition (NG-POL-001 v1.0),Signed,2023-08-12,"Paper form, scanned to HR folder",
jgarcia,Jose Garcia,Warehouse,2018-05-23,2022 edition (NG-POL-001 v1.0),Signed,2022-03-28,"Paper form, scanned to HR folder",Re-signed when 2022 handbook was issued
cboyd,Chris Boyd,Warehouse,2022-09-25,2022 edition (NG-POL-001 v1.0),Signed,2022-09-25,"Paper form, scanned to HR folder",
nobi,Nkechi Obi,Warehouse,2025-08-26,2022 edition (NG-POL-001 v1.0),Signed,2025-08-26,"Paper form, scanned to HR folder",
lortega,Luis Ortega,Warehouse,2021-09-22,2022 edition (NG-POL-001 v1.0),Signed,2022-03-21,"Paper form, scanned to HR folder",Re-signed when 2022 handbook was issued
dvolkov,Dmitri Volkov,Warehouse,2025-05-11,2022 edition (NG-POL-001 v1.0),Signed,2025-05-11,"Paper form, scanned to HR folder",
hkim,Hana Kim,Warehouse,2022-02-15,2022 edition (NG-POL-001 v1.0),Signed,2022-04-04,"Paper form, scanned to HR folder",Re-signed when 2022 handbook was issued
ajackson,Andre Jackson,Warehouse,2024-09-09,2022 edition (NG-POL-001 v1.0),Signed,2024-09-09,"Paper form, scanned to HR folder",
yhassan,Yusuf Hassan,Warehouse,2022-03-14,2022 edition (NG-POL-001 v1.0),Signed,2022-03-14,"Paper form, scanned to HR folder",
gmwangi,Grace Mwangi,Warehouse,2025-11-16,2022 edition (NG-POL-001 v1.0),Signed,2025-11-16,"Paper form, scanned to HR folder",
kbrooks,Kyle Brooks,Warehouse,2016-11-09,2022 edition (NG-POL-001 v1.0),Signed,2022-03-28,"Paper form, scanned to HR folder",Re-signed when 2022 handbook was issued
emensah,Esther Mensah,Warehouse,2020-02-07,2022 edition (NG-POL-001 v1.0),Signed,2022-04-04,"Paper form, scanned to HR folder",Re-signed when 2022 handbook was issued
rcruz,Rafael Cruz,Warehouse,2026-04-20,2022 edition (NG-POL-001 v1.0),Pending,,,Handbook given on first day; signed page not returned yet
awarsame,Abdi Warsame,Warehouse,2025-07-05,2022 edition (NG-POL-001 v1.0),Signed,2025-07-05,"Paper form, scanned to HR folder",
tnguyen,Tina Nguyen,Warehouse,2022-01-03,2022 edition (NG-POL-001 v1.0),Signed,2022-03-21,"Paper form, scanned to HR folder",Re-signed when 2022 handbook was issued
sreyes,Sam Reyes,Warehouse,2026-09-01,2022 edition (NG-POL-001 v1.0),Pending,,,Handbook given on first day; signed page not returned yet
