hostname,device_type,os,assigned_user,last_check_in,update_level_installed,last_update_installed_on,months_behind,patch_status,update_method
NG-WS-101,Desktop,Windows 11 23H2,jchen,2026-09-09,2026-08,2026-08-25,0,Current,Windows Update (automatic; no install deadline set)
NG-WS-102,Desktop,Windows 11 23H2,gpike,2026-09-10,2026-08,2026-08-17,0,Current,Windows Update (automatic; no install deadline set)
NG-WS-103,Desktop,Windows 11 23H2,hortiz,2026-09-10,2026-08,2026-08-16,0,Current,Windows Update (automatic; no install deadline set)
NG-WS-104,Desktop,Windows 11 23H2,sboateng,2026-09-08,2026-08,2026-08-21,0,Current,Windows Update (automatic; no install deadline set)
NG-WS-105,Desktop,Windows 11 23H2,glindqvist,2026-09-10,2026-08,2026-08-25,0,Current,Windows Update (automatic; no install deadline set)
NG-WS-106,Desktop,Windows 11 23H2,ohaddad,2026-09-08,2026-08,2026-08-24,0,Current,Windows Update (automatic; no install deadline set)
NG-WS-107,Desktop,Windows 10 22H2,kbell,2025-12-19,2025-10,2025-10-16,10,Not current,Windows Update (automatic; no install deadline set)
NG-WS-108,Desktop,Windows 11 23H2,abrown,2026-09-08,2026-08,2026-08-16,0,Current,Windows Update (automatic; no install deadline set)
NG-WS-109,Desktop,Windows 11 23H2,npetrova,2026-01-22,2026-01,2026-01-15,7,Not current,Windows Update (automatic; no install deadline set)
NG-WS-110,Desktop,Windows 11 23H2,jprice,2026-09-08,2026-08,2026-08-18,0,Current,Windows Update (automatic; no install deadline set)
NG-WS-111,Desktop,Windows 11 23H2,hnguyen,2026-09-10,2026-08,2026-08-24,0,Current,Windows Update (automatic; no install deadline set)
NG-WS-112,Desktop,Windows 11 23H2,ogrant,2026-09-08,2026-08,2026-08-12,0,Current,Windows Update (automatic; no install deadline set)
NG-WS-113,Desktop,Windows 11 23H2,dcastillo,2026-09-10,2026-08,2026-08-15,0,Current,Windows Update (automatic; no install deadline set)
NG-WS-114,Desktop,Windows 11 23H2,mrivera,2026-09-09,2026-08,2026-08-24,0,Current,Windows Update (automatic; no install deadline set)
NG-WS-115,Desktop,Windows 11 23H2,mlin,2026-09-10,2026-08,2026-08-14,0,Current,Windows Update (automatic; no install deadline set)
NG-WS-116,Desktop,Windows 11 23H2,padeyemi,2026-09-10,2026-08,2026-08-13,0,Current,Windows Update (automatic; no install deadline set)
NG-WS-117,Desktop,Windows 11 23H2,sklein,2026-09-09,2026-08,2026-08-23,0,Current,Windows Update (automatic; no install deadline set)
NG-WS-118,Desktop,Windows 11 23H2,arahimi,2026-09-08,2026-08,2026-08-23,0,Current,Windows Update (automatic; no install deadline set)
NG-WS-119,Desktop,Windows 11 23H2,lpham,2026-09-08,2026-08,2026-08-12,0,Current,Windows Update (automatic; no install deadline set)
NG-WS-120,Desktop,Windows 11 23H2,vstone,2026-09-09,2026-08,2026-08-12,0,Current,Windows Update (automatic; no install deadline set)
NG-WS-121,Desktop,Windows 11 23H2,etran,2026-09-10,2026-08,2026-08-27,0,Current,Windows Update (automatic; no install deadline set)
NG-WS-122,Desktop,Windows 11 23H2,mwebb,2026-09-10,2026-08,2026-08-22,0,Current,Windows Update (automatic; no install deadline set)
NG-WS-123,Desktop,Windows 11 23H2,fyusuf,2026-09-10,2026-08,2026-08-21,0,Current,Windows Update (automatic; no install deadline set)
NG-WS-124,Desktop,Windows 11 23H2,tokafor,2026-09-09,2026-08,2026-08-26,0,Current,Windows Update (automatic; no install deadline set)
NG-WS-125,Desktop,Windows 11 23H2,reception (shared),2026-09-10,2026-08,2026-08-22,0,Current,Windows Update (automatic; no install deadline set)
NG-WS-126,Desktop,Windows 10 22H2,unassigned,2025-10-03,2025-09,2025-09-12,11,Not current,Windows Update (automatic; no install deadline set)
NG-LT-201,Laptop,Windows 11 23H2,lharper,2026-09-10,2026-08,2026-08-15,0,Current,Windows Update (automatic; no install deadline set)
NG-LT-202,Laptop,Windows 11 23H2,dpatel,2026-09-08,2026-08,2026-08-27,0,Current,Windows Update (automatic; no install deadline set)
NG-LT-203,Laptop,Windows 11 23H2,kmurphy,2026-09-10,2026-08,2026-08-26,0,Current,Windows Update (automatic; no install deadline set)
NG-LT-204,Laptop,Windows 11 23H2,rdelgado,2026-09-08,2026-08,2026-08-17,0,Current,Windows Update (automatic; no install deadline set)
NG-LT-205,Laptop,Windows 11 23H2,bfoster,2026-09-09,2026-08,2026-08-16,0,Current,Windows Update (automatic; no install deadline set)
NG-LT-206,Laptop,Windows 11 23H2,amohammed,2026-09-10,2026-08,2026-08-18,0,Current,Windows Update (automatic; no install deadline set)
NG-LT-207,Laptop,Windows 11 23H2,lherrera,2026-09-08,2026-08,2026-08-25,0,Current,Windows Update (automatic; no install deadline set)
NG-LT-208,Laptop,Windows 11 23H2,unassigned,2025-10-03,2025-09,2025-09-10,11,Not current,Windows Update (automatic; no install deadline set)
NG-LT-209,Laptop,Windows 11 23H2,tkowalski,2026-09-03,2026-06,2026-06-17,2,Not current,Windows Update (automatic; no install deadline set)
NG-LT-210,Laptop,Windows 11 23H2,jchen,2026-09-10,2026-08,2026-08-22,0,Current,Windows Update (automatic; no install deadline set)
NG-WH-01,Shared PC,Windows 10 22H2 (ESU),Warehouse (shared),2026-09-10,2026-08,2026-08-26,0,Current,Windows Update (automatic; restart only when warehouse allows)
NG-WH-02,Shared PC,Windows 10 22H2 (ESU),Warehouse (shared),2026-09-10,2026-08,2026-08-19,0,Current,Windows Update (automatic; restart only when warehouse allows)
NG-WH-03,Shared PC,Windows 10 22H2 (ESU),Warehouse (shared),2026-09-09,2026-08,2026-08-14,0,Current,Windows Update (automatic; restart only when warehouse allows)
NG-WH-04,Shared PC,Windows 10 22H2 (ESU),Warehouse (shared),2026-09-08,2026-08,2026-08-24,0,Current,Windows Update (automatic; restart only when warehouse allows)
ng-web01,Server,Ubuntu 22.04 LTS,jchen,2026-09-10,2026-08,2026-08-14,0,Current,"Manual (apt upgrade by J. Chen, usually monthly)"
ng-files01,Server,Ubuntu 22.04 LTS,jchen,2026-09-10,2026-08,2026-08-14,0,Current,"Manual (apt upgrade by J. Chen, usually monthly)"
ng-backup01,Server,Ubuntu 22.04 LTS,jchen,2026-09-10,2026-08,2026-08-15,0,Current,"Manual (apt upgrade by J. Chen, usually monthly)"
ng-legacy01,Server,Ubuntu 18.04 LTS,jchen,2026-09-10,2023-05,2023-05-17,39,Not current,None (no updates since 2023; server due to be retired)
